ts,loadpower
5/11/2019 0:00,3.5
5/11/2019 0:01,3.54
5/11/2019 0:02,3.54
5/11/2019 0:03,3.55
5/11/2019 0:04,3.52
5/11/2019 0:05,3.47
5/11/2019 0:06,3.44
5/11/2019 0:07,3.42
5/11/2019 0:08,3.4
5/11/2019 0:09,3.44
5/11/2019 0:10,3.46
5/11/2019 0:11,3.51
5/11/2019 0:12,3.54
5/11/2019 0:13,3.53
5/11/2019 0:14,3.55
5/11/2019 0:15,3.51
5/11/2019 0:16,3.48
5/11/2019 0:17,3.43
5/11/2019 0:18,3.4
5/11/2019 0:19,3.41
5/11/2019 0:20,3.49
5/11/2019 0:21,3.49
5/11/2019 0:22,3.5
5/11/2019 0:23,3.54
5/11/2019 0:24,3.57
5/11/2019 0:25,3.49
5/11/2019 0:26,3.49
5/11/2019 0:27,3.45
5/11/2019 0:28,3.41
5/11/2019 0:29,3.39
5/11/2019 0:30,3.39
5/11/2019 0:31,3.48
5/11/2019 0:32,3.46
5/11/2019 0:33,3.47
5/11/2019 0:34,3.51
5/11/2019 0:35,3.53
5/11/2019 0:36,3.52
5/11/2019 0:37,3.47
5/11/2019 0:38,3.46
5/11/2019 0:39,3.42
5/11/2019 0:40,3.44
5/11/2019 0:41,3.4
5/11/2019 0:42,3.44
5/11/2019 0:43,3.47
5/11/2019 0:44,3.5
5/11/2019 0:45,3.49
5/11/2019 0:46,3.55
5/11/2019 0:47,3.52
5/11/2019 0:48,3.5
5/11/2019 0:49,3.47
5/11/2019 0:50,3.44
5/11/2019 0:51,3.41
5/11/2019 0:52,3.39
5/11/2019 0:53,3.39
5/11/2019 0:54,3.46
5/11/2019 0:55,3.46
5/11/2019 0:56,3.44
5/11/2019 0:57,3.46
5/11/2019 0:58,3.5
5/11/2019 0:59,3.47
5/11/2019 1:00,3.47
5/11/2019 1:01,3.47
5/11/2019 1:02,3.43
5/11/2019 1:03,3.37
5/11/2019 1:04,3.38
5/11/2019 1:05,3.4
5/11/2019 1:06,3.44
5/11/2019 1:07,3.43
5/11/2019 1:08,3.47
5/11/2019 1:09,3.51
5/11/2019 1:10,3.47
5/11/2019 1:11,3.48
5/11/2019 1:12,3.5
5/11/2019 1:13,3.47
5/11/2019 1:14,3.41
5/11/2019 1:15,3.4
5/11/2019 1:16,3.41
5/11/2019 1:17,3.36
5/11/2019 1:18,3.42
5/11/2019 1:19,3.45
5/11/2019 1:20,3.46
5/11/2019 1:21,3.48
5/11/2019 1:22,3.51
5/11/2019 1:23,3.51
5/11/2019 1:24,3.45
5/11/2019 1:25,3.43
5/11/2019 1:26,3.42
5/11/2019 1:27,3.37
5/11/2019 1:28,3.37
5/11/2019 1:29,3.37
5/11/2019 1:30,3.39
5/11/2019 1:31,3.43
5/11/2019 1:32,3.45
5/11/2019 1:33,3.48
5/11/2019 1:34,3.45
5/11/2019 1:35,3.44
5/11/2019 1:36,3.45
5/11/2019 1:37,3.45
5/11/2019 1:38,3.43
5/11/2019 1:39,3.38
5/11/2019 1:40,3.37
5/11/2019 1:41,3.37
5/11/2019 1:42,3.38
5/11/2019 1:43,3.42
5/11/2019 1:44,3.43
5/11/2019 1:45,3.45
5/11/2019 1:46,3.48
5/11/2019 1:47,3.47
5/11/2019 1:48,3.47
5/11/2019 1:49,3.48
5/11/2019 1:50,3.45
5/11/2019 1:51,3.4
5/11/2019 1:52,3.38
5/11/2019 1:53,3.39
5/11/2019 1:54,3.34
5/11/2019 1:55,3.38
5/11/2019 1:56,3.42
5/11/2019 1:57,3.42
5/11/2019 1:58,3.41
5/11/2019 1:59,3.45
5/11/2019 2:00,3.51
5/11/2019 2:01,3.5
5/11/2019 2:02,3.48
5/11/2019 2:03,3.44
5/11/2019 2:04,3.44
5/11/2019 2:05,3.41
5/11/2019 2:06,3.37
5/11/2019 2:07,3.36
5/11/2019 2:08,3.36
5/11/2019 2:09,3.38
5/11/2019 2:10,3.4
5/11/2019 2:11,3.39
5/11/2019 2:12,3.43
5/11/2019 2:13,3.46
5/11/2019 2:14,3.43
5/11/2019 2:15,3.44
5/11/2019 2:16,3.43
5/11/2019 2:17,3.4
5/11/2019 2:18,3.38
5/11/2019 2:19,3.36
5/11/2019 2:20,3.37
5/11/2019 2:21,3.33
5/11/2019 2:22,3.36
5/11/2019 2:23,3.37
5/11/2019 2:24,3.43
5/11/2019 2:25,3.39
5/11/2019 2:26,3.39
5/11/2019 2:27,3.42
5/11/2019 2:28,3.46
5/11/2019 2:29,3.44
5/11/2019 2:30,3.39
5/11/2019 2:31,3.43
5/11/2019 2:32,3.38
5/11/2019 2:33,3.34
5/11/2019 2:34,3.31
5/11/2019 2:35,3.31
5/11/2019 2:36,3.36
5/11/2019 2:37,3.36
5/11/2019 2:38,3.35
5/11/2019 2:39,3.38
5/11/2019 2:40,3.4
5/11/2019 2:41,3.42
5/11/2019 2:42,3.45
5/11/2019 2:43,3.42
5/11/2019 2:44,3.41
5/11/2019 2:45,3.4
5/11/2019 2:46,3.37
5/11/2019 2:47,3.33
5/11/2019 2:48,3.31
5/11/2019 2:49,3.31
5/11/2019 2:50,3.34
5/11/2019 2:51,3.35
5/11/2019 2:52,3.34
5/11/2019 2:53,3.37
5/11/2019 2:54,3.35
5/11/2019 2:55,3.36
5/11/2019 2:56,3.39
5/11/2019 2:57,3.4
5/11/2019 2:58,3.4
5/11/2019 2:59,3.4
5/11/2019 3:00,3.36
5/11/2019 3:01,3.37
5/11/2019 3:02,3.3
5/11/2019 3:03,3.29
5/11/2019 3:04,3.29
5/11/2019 3:05,3.32
5/11/2019 3:06,3.35
5/11/2019 3:07,3.33
5/11/2019 3:08,3.35
5/11/2019 3:09,3.36
5/11/2019 3:10,3.37
5/11/2019 3:11,3.4
5/11/2019 3:12,3.38
5/11/2019 3:13,3.36
5/11/2019 3:14,3.35
5/11/2019 3:15,3.33
5/11/2019 3:16,3.32
5/11/2019 3:17,3.26
5/11/2019 3:18,3.27
5/11/2019 3:19,3.33
5/11/2019 3:20,3.35
5/11/2019 3:21,3.34
5/11/2019 3:22,3.34
5/11/2019 3:23,3.34
5/11/2019 3:24,3.38
5/11/2019 3:25,3.39
5/11/2019 3:26,3.36
5/11/2019 3:27,3.34
5/11/2019 3:28,3.35
5/11/2019 3:29,3.32
5/11/2019 3:30,3.3
5/11/2019 3:31,3.28
5/11/2019 3:32,3.25
5/11/2019 3:33,3.32
5/11/2019 3:34,3.33
5/11/2019 3:35,3.32
5/11/2019 3:36,3.34
5/11/2019 3:37,3.34
5/11/2019 3:38,3.34
5/11/2019 3:39,3.36
5/11/2019 3:40,3.38
5/11/2019 3:41,3.35
5/11/2019 3:42,3.32
5/11/2019 3:43,3.33
5/11/2019 3:44,3.29
5/11/2019 3:45,3.23
5/11/2019 3:46,3.25
5/11/2019 3:47,3.31
5/11/2019 3:48,3.29
5/11/2019 3:49,3.32
5/11/2019 3:50,3.3
5/11/2019 3:51,3.3
5/11/2019 3:52,3.33
5/11/2019 3:53,3.28
5/11/2019 3:54,3.37
5/11/2019 3:55,3.4
5/11/2019 3:56,3.35
5/11/2019 3:57,3.33
5/11/2019 3:58,3.32
5/11/2019 3:59,3.27
5/11/2019 4:00,3.24
5/11/2019 4:01,3.27
5/11/2019 4:02,3.28
5/11/2019 4:03,3.31
5/11/2019 4:04,3.27
5/11/2019 4:05,3.32
5/11/2019 4:06,3.31
5/11/2019 4:07,3.32
5/11/2019 4:08,3.25
5/11/2019 4:09,3.27
5/11/2019 4:10,3.28
5/11/2019 4:11,3.3
5/11/2019 4:12,3.34
5/11/2019 4:13,3.28
5/11/2019 4:14,3.29
5/11/2019 4:15,3.27
5/11/2019 4:16,3.28
5/11/2019 4:17,3.26
5/11/2019 4:18,3.24
5/11/2019 4:19,3.27
5/11/2019 4:20,3.25
5/11/2019 4:21,3.24
5/11/2019 4:22,3.25
5/11/2019 4:23,3.26
5/11/2019 4:24,3.22
5/11/2019 4:25,3.22
5/11/2019 4:26,3.31
5/11/2019 4:27,3.25
5/11/2019 4:28,3.22
5/11/2019 4:29,3.21
5/11/2019 4:30,3.22
5/11/2019 4:31,3.29
5/11/2019 4:32,3.24
5/11/2019 4:33,3.29
5/11/2019 4:34,3.28
5/11/2019 4:35,3.3
5/11/2019 4:36,3.27
5/11/2019 4:37,3.18
5/11/2019 4:38,3.17
5/11/2019 4:39,3.19
5/11/2019 4:40,3.19
5/11/2019 4:41,3.18
5/11/2019 4:42,3.21
5/11/2019 4:43,3.15
5/11/2019 4:44,3.13
5/11/2019 4:45,3.18
5/11/2019 4:46,3.16
5/11/2019 4:47,3.1
5/11/2019 4:48,3.11
5/11/2019 4:49,3.19
5/11/2019 4:50,3.11
5/11/2019 4:51,3.06
5/11/2019 4:52,3.1
5/11/2019 4:53,3.14
5/11/2019 4:54,3.17
5/11/2019 4:55,3.11
5/11/2019 4:56,3.08
5/11/2019 4:57,3.14
5/11/2019 4:58,3.09
5/11/2019 4:59,3.1
5/11/2019 5:00,3.09
5/11/2019 5:01,2.91
5/11/2019 5:02,3
5/11/2019 5:03,3.07
5/11/2019 5:04,2.92
5/11/2019 5:05,2.9
5/11/2019 5:06,2.82
5/11/2019 5:07,2.91
5/11/2019 5:08,2.93
5/11/2019 5:09,2.93
5/11/2019 5:10,3.03
5/11/2019 5:11,2.81
5/11/2019 5:12,2.91
5/11/2019 5:13,2.92
5/11/2019 5:14,2.79
5/11/2019 5:15,2.83
5/11/2019 5:16,2.96
5/11/2019 5:17,3.01
5/11/2019 5:18,2.91
5/11/2019 5:19,2.79
5/11/2019 5:20,2.82
5/11/2019 5:21,2.85
5/11/2019 5:22,0.96
5/11/2019 5:23,0.99
5/11/2019 5:24,0.99
5/11/2019 5:25,0.81
5/11/2019 5:26,0.96
5/11/2019 5:27,0.95
5/11/2019 5:28,0.81
5/11/2019 5:29,0.81
5/11/2019 5:30,1.05
5/11/2019 5:31,0.96
5/11/2019 5:32,0.94
5/11/2019 5:33,0.82
5/11/2019 5:34,0.8
5/11/2019 5:35,0.95
5/11/2019 5:36,0.91
5/11/2019 5:37,0.81
5/11/2019 5:38,0.95
5/11/2019 5:39,0.95
5/11/2019 5:40,0.93
5/11/2019 5:41,0.79
5/11/2019 5:42,0.82
5/11/2019 5:43,0.94
5/11/2019 5:44,0.95
5/11/2019 5:45,0.8
5/11/2019 5:46,0.83
5/11/2019 5:47,0.81
5/11/2019 5:48,0.93
5/11/2019 5:49,0.91
5/11/2019 5:50,0.75
5/11/2019 5:51,0.75
5/11/2019 5:52,0.82
5/11/2019 5:53,0.71
5/11/2019 5:54,0.69
5/11/2019 5:55,0.7
5/11/2019 5:56,0.7
5/11/2019 5:57,0.69
5/11/2019 5:58,0.83
5/11/2019 5:59,0.82
5/11/2019 6:00,0.81
5/11/2019 6:01,0.74
5/11/2019 6:02,0.73
5/11/2019 6:03,0.83
5/11/2019 6:04,0.8
5/11/2019 6:05,0.73
5/11/2019 6:06,3.76
5/11/2019 6:07,4.31
5/11/2019 6:08,7.09
5/11/2019 6:09,7.28
5/11/2019 6:10,7.22
5/11/2019 6:11,7.11
5/11/2019 6:12,7.12
5/11/2019 6:13,7.12
5/11/2019 6:14,7.22
5/11/2019 6:15,7.14
5/11/2019 6:16,7.07
5/11/2019 6:17,7.09
5/11/2019 6:18,7.1
5/11/2019 6:19,7.11
5/11/2019 6:20,7.09
5/11/2019 6:21,7.2
5/11/2019 6:22,7.23
5/11/2019 6:23,7.06
5/11/2019 6:24,7.07
5/11/2019 6:25,7.05
5/11/2019 6:26,7.2
5/11/2019 6:27,7.22
5/11/2019 6:28,7.04
5/11/2019 6:29,7.06
5/11/2019 6:30,7.07
5/11/2019 6:31,7.05
5/11/2019 6:32,7.04
5/11/2019 6:33,8.82
5/11/2019 6:34,9.15
5/11/2019 6:35,9.37
5/11/2019 6:36,9.3
5/11/2019 6:37,9.19
5/11/2019 6:38,9.09
5/11/2019 6:39,9.03
5/11/2019 6:40,9.14
5/11/2019 6:41,9.05
5/11/2019 6:42,9.04
5/11/2019 6:43,9.18
5/11/2019 6:44,9.18
5/11/2019 6:45,9.14
5/11/2019 6:46,9.05
5/11/2019 6:47,9.07
5/11/2019 6:48,9.2
5/11/2019 6:49,9.17
5/11/2019 6:50,9.01
5/11/2019 6:51,9.03
5/11/2019 6:52,9.07
5/11/2019 6:53,9.01
5/11/2019 6:54,9.13
5/11/2019 6:55,9.06
5/11/2019 6:56,6.79
5/11/2019 6:57,6.8
5/11/2019 6:58,6.89
5/11/2019 6:59,7.12
5/11/2019 7:00,7.12
5/11/2019 7:01,6.83
5/11/2019 7:02,6.82
5/11/2019 7:03,7.13
5/11/2019 7:04,7.12
5/11/2019 7:05,6.78
5/11/2019 7:06,6.97
5/11/2019 7:07,7.1
5/11/2019 7:08,7.14
5/11/2019 7:09,7.1
5/11/2019 7:10,6.8
5/11/2019 7:11,6.76
5/11/2019 7:12,6.95
5/11/2019 7:13,7.09
5/11/2019 7:14,7.15
5/11/2019 7:15,7.21
5/11/2019 7:16,8.29
5/11/2019 7:17,9.26
5/11/2019 7:18,9.35
5/11/2019 7:19,6.15
5/11/2019 7:20,6.06
5/11/2019 7:21,3.18
5/11/2019 7:22,3.18
5/11/2019 7:23,3.21
5/11/2019 7:24,3.14
5/11/2019 7:25,3.19
5/11/2019 7:26,3.18
5/11/2019 7:27,3.19
5/11/2019 7:28,3.13
5/11/2019 7:29,3.18
5/11/2019 7:30,3.27
5/11/2019 7:31,3.3
5/11/2019 7:32,3.25
5/11/2019 7:33,3.18
5/11/2019 7:34,3.15
5/11/2019 7:35,3.24
5/11/2019 7:36,3.21
5/11/2019 7:37,3.25
5/11/2019 7:38,3.26
5/11/2019 7:39,3.3
5/11/2019 7:40,3.22
5/11/2019 7:41,3.2
5/11/2019 7:42,3.24
5/11/2019 7:43,3.31
5/11/2019 7:44,3.29
5/11/2019 7:45,3.31
5/11/2019 7:46,3.28
5/11/2019 7:47,3.29
5/11/2019 7:48,3.29
5/11/2019 7:49,3.26
5/11/2019 7:50,3.33
5/11/2019 7:51,3.41
5/11/2019 7:52,3.33
5/11/2019 7:53,3.28
5/11/2019 7:54,3.32
5/11/2019 7:55,3.35
5/11/2019 7:56,3.35
5/11/2019 7:57,3.4
5/11/2019 7:58,3.39
5/11/2019 7:59,3.37
5/11/2019 8:00,3.73
5/11/2019 8:01,3.77
5/11/2019 8:02,3.71
5/11/2019 8:03,3.75
5/11/2019 8:04,3.75
5/11/2019 8:05,3.69
5/11/2019 8:06,3.43
5/11/2019 8:07,3.8
5/11/2019 8:08,3.39
5/11/2019 8:09,3.36
5/11/2019 8:10,3.4
5/11/2019 8:11,3.42
5/11/2019 8:12,3.42
5/11/2019 8:13,3.44
5/11/2019 8:14,3.39
5/11/2019 8:15,3.42
5/11/2019 8:16,3.39
5/11/2019 8:17,3.37
5/11/2019 8:18,3.43
5/11/2019 8:19,3.47
5/11/2019 8:20,3.38
5/11/2019 8:21,3.35
5/11/2019 8:22,3.38
5/11/2019 8:23,3.51
5/11/2019 8:24,3.44
5/11/2019 8:25,3.44
5/11/2019 8:26,3.4
5/11/2019 8:27,3.45
5/11/2019 8:28,3.34
5/11/2019 8:29,3.45
5/11/2019 8:30,3.46
5/11/2019 8:31,3.53
5/11/2019 8:32,3.41
5/11/2019 8:33,3.32
5/11/2019 8:34,3.42
5/11/2019 8:35,3.54
5/11/2019 8:36,3.43
5/11/2019 8:37,3.42
5/11/2019 8:38,3.36
5/11/2019 8:39,3.46
5/11/2019 8:40,3.38
5/11/2019 8:41,3.43
5/11/2019 8:42,3.42
5/11/2019 8:43,3.51
5/11/2019 8:44,3.36
5/11/2019 8:45,3.34
5/11/2019 8:46,3.38
5/11/2019 8:47,3.47
5/11/2019 8:48,3.33
5/11/2019 8:49,3.38
5/11/2019 8:50,3.36
5/11/2019 8:51,3.46
5/11/2019 8:52,3.39
5/11/2019 8:53,3.88
5/11/2019 8:54,3.39
5/11/2019 8:55,3.49
5/11/2019 8:56,3.39
5/11/2019 8:57,3.32
5/11/2019 8:58,3.35
5/11/2019 8:59,3.48
5/11/2019 9:00,3.39
5/11/2019 9:01,3.46
5/11/2019 9:02,3.47
5/11/2019 9:03,3.58
5/11/2019 9:04,3.48
5/11/2019 9:05,3.5
5/11/2019 9:06,3.53
5/11/2019 9:07,3.76
5/11/2019 9:08,3.42
5/11/2019 9:09,3.43
5/11/2019 9:10,3.46
5/11/2019 9:11,3.6
5/11/2019 9:12,3.53
5/11/2019 9:13,3.49
5/11/2019 9:14,3.52
5/11/2019 9:15,3.56
5/11/2019 9:16,3.46
5/11/2019 9:17,3.5
5/11/2019 9:18,3.67
5/11/2019 9:19,3.84
5/11/2019 9:20,3.71
5/11/2019 9:21,3.64
5/11/2019 9:22,3.59
5/11/2019 9:23,3.81
5/11/2019 9:24,3.8
5/11/2019 9:25,3.76
5/11/2019 9:26,3.68
5/11/2019 9:27,3.81
5/11/2019 9:28,3.61
5/11/2019 9:29,3.64
5/11/2019 9:30,3.69
5/11/2019 9:31,3.78
5/11/2019 9:32,3.68
5/11/2019 9:33,3.8
5/11/2019 9:34,3.78
5/11/2019 9:35,3.84
5/11/2019 9:36,3.74
5/11/2019 9:37,3.8
5/11/2019 9:38,3.86
5/11/2019 9:39,4.09
5/11/2019 9:40,4.08
5/11/2019 9:41,3.94
5/11/2019 9:42,3.87
5/11/2019 9:43,3.79
5/11/2019 9:44,3.7
5/11/2019 9:45,3.63
5/11/2019 9:46,3.63
5/11/2019 9:47,3.76
5/11/2019 9:48,3.7
5/11/2019 9:49,3.67
5/11/2019 9:50,3.59
5/11/2019 9:51,3.82
5/11/2019 9:52,3.69
5/11/2019 9:53,3.65
5/11/2019 9:54,3.65
5/11/2019 9:55,3.76
5/11/2019 9:56,3.64
5/11/2019 9:57,3.66
5/11/2019 9:58,3.54
5/11/2019 9:59,3.75
5/11/2019 10:00,3.73
5/11/2019 10:01,3.7
5/11/2019 10:02,3.7
5/11/2019 10:03,3.84
5/11/2019 10:04,3.68
5/11/2019 10:05,3.68
5/11/2019 10:06,3.66
5/11/2019 10:07,3.76
5/11/2019 10:08,3.64
5/11/2019 10:09,3.72
5/11/2019 10:10,3.73
5/11/2019 10:11,3.87
5/11/2019 10:12,3.9
5/11/2019 10:13,3.76
5/11/2019 10:14,3.69
5/11/2019 10:15,3.99
5/11/2019 10:16,3.75
5/11/2019 10:17,3.83
5/11/2019 10:18,3.89
5/11/2019 10:19,4
5/11/2019 10:20,3.93
5/11/2019 10:21,3.68
5/11/2019 10:22,3.66
5/11/2019 10:23,3.8
5/11/2019 10:24,3.75
5/11/2019 10:25,3.82
5/11/2019 10:26,3.81
5/11/2019 10:27,3.96
5/11/2019 10:28,3.76
5/11/2019 10:29,3.73
5/11/2019 10:30,3.7
5/11/2019 10:31,3.91
5/11/2019 10:32,3.66
5/11/2019 10:33,3.76
5/11/2019 10:34,3.81
5/11/2019 10:35,3.99
5/11/2019 10:36,4.02
5/11/2019 10:37,3.87
5/11/2019 10:38,3.8
5/11/2019 10:39,3.96
5/11/2019 10:40,3.86
5/11/2019 10:41,3.86
5/11/2019 10:42,3.94
5/11/2019 10:43,4.11
5/11/2019 10:44,3.81
5/11/2019 10:45,3.79
5/11/2019 10:46,3.75
5/11/2019 10:47,3.85
5/11/2019 10:48,3.7
5/11/2019 10:49,3.74
5/11/2019 10:50,3.7
5/11/2019 10:51,3.85
5/11/2019 10:52,3.91
5/11/2019 10:53,4
5/11/2019 10:54,3.98
5/11/2019 10:55,4.11
5/11/2019 10:56,3.92
5/11/2019 10:57,3.95
5/11/2019 10:58,4.05
5/11/2019 10:59,4.17
5/11/2019 11:00,4.2
5/11/2019 11:01,3.98
5/11/2019 11:02,4.01
5/11/2019 11:03,4.06
5/11/2019 11:04,3.89
5/11/2019 11:05,4.16
5/11/2019 11:06,4.21
5/11/2019 11:07,4.34
5/11/2019 11:08,4.26
5/11/2019 11:09,4.25
5/11/2019 11:10,4.23
5/11/2019 11:11,4.41
5/11/2019 11:12,4.19
5/11/2019 11:13,4.19
5/11/2019 11:14,4.24
5/11/2019 11:15,4.45
5/11/2019 11:16,3.98
5/11/2019 11:17,3.8
5/11/2019 11:18,3.78
5/11/2019 11:19,3.9
5/11/2019 11:20,3.67
5/11/2019 11:21,3.68
5/11/2019 11:22,3.7
5/11/2019 11:23,3.96
5/11/2019 11:24,3.79
5/11/2019 11:25,3.8
5/11/2019 11:26,3.78
5/11/2019 11:27,3.92
5/11/2019 11:28,3.74
5/11/2019 11:29,3.79
5/11/2019 11:30,3.72
5/11/2019 11:31,3.86
5/11/2019 11:32,3.73
5/11/2019 11:33,3.78
5/11/2019 11:34,3.76
5/11/2019 11:35,3.96
5/11/2019 11:36,3.88
5/11/2019 11:37,3.71
5/11/2019 11:38,3.76
5/11/2019 11:39,3.95
5/11/2019 11:40,3.98
5/11/2019 11:41,3.82
5/11/2019 11:42,3.77
5/11/2019 11:43,4.45
5/11/2019 11:44,3.8
5/11/2019 11:45,3.69
5/11/2019 11:46,3.73
5/11/2019 11:47,3.91
5/11/2019 11:48,3.79
5/11/2019 11:49,3.85
5/11/2019 11:50,3.84
5/11/2019 11:51,4.02
5/11/2019 11:52,3.82
5/11/2019 11:53,3.75
5/11/2019 11:54,3.82
5/11/2019 11:55,3.99
5/11/2019 11:56,3.77
5/11/2019 11:57,4.2
5/11/2019 11:58,3.79
5/11/2019 11:59,3.94
5/11/2019 12:00,3.77
5/11/2019 12:01,3.79
5/11/2019 12:02,3.8
5/11/2019 12:03,4.06
5/11/2019 12:04,4.01
5/11/2019 12:05,4.21
5/11/2019 12:06,4.23
5/11/2019 12:07,4.28
5/11/2019 12:08,4.18
5/11/2019 12:09,4.1
5/11/2019 12:10,4.08
5/11/2019 12:11,4.32
5/11/2019 12:12,4.2
5/11/2019 12:13,4.2
5/11/2019 12:14,4.19
5/11/2019 12:15,4.19
5/11/2019 12:16,4.25
5/11/2019 12:17,4.01
5/11/2019 12:18,4.02
5/11/2019 12:19,4.14
5/11/2019 12:20,3.94
5/11/2019 12:21,4.05
5/11/2019 12:22,4.04
5/11/2019 12:23,4.23
5/11/2019 12:24,4.23
5/11/2019 12:25,4.01
5/11/2019 12:26,3.98
5/11/2019 12:27,4.14
5/11/2019 12:28,4
5/11/2019 12:29,4.04
5/11/2019 12:30,4.24
5/11/2019 12:31,4.56
5/11/2019 12:32,4.48
5/11/2019 12:33,4.31
5/11/2019 12:34,4.26
5/11/2019 12:35,4.52
5/11/2019 12:36,4.37
5/11/2019 12:37,4.4
5/11/2019 12:38,4.44
5/11/2019 12:39,4.56
5/11/2019 12:40,4.37
5/11/2019 12:41,4.41
5/11/2019 12:42,4.39
5/11/2019 12:43,4.5
5/11/2019 12:44,4.36
5/11/2019 12:45,4.41
5/11/2019 12:46,4.57
5/11/2019 12:47,4.56
5/11/2019 12:48,4.63
5/11/2019 12:49,4.59
5/11/2019 12:50,5.6
5/11/2019 12:51,5.71
5/11/2019 12:52,5.73
5/11/2019 12:53,5.46
5/11/2019 12:54,5.69
5/11/2019 12:55,5.88
5/11/2019 12:56,5.74
5/11/2019 12:57,6.65
5/11/2019 12:58,6.65
5/11/2019 12:59,6.7
5/11/2019 13:00,6.93
5/11/2019 13:01,6.63
5/11/2019 13:02,6.95
5/11/2019 13:03,7.01
5/11/2019 13:04,6.77
5/11/2019 13:05,6.78
5/11/2019 13:06,7.83
5/11/2019 13:07,6.68
5/11/2019 13:08,6.62
5/11/2019 13:09,6.53
5/11/2019 13:10,6.29
5/11/2019 13:11,6.65
5/11/2019 13:12,6.16
5/11/2019 13:13,5.6
5/11/2019 13:14,5.98
5/11/2019 13:15,6.33
5/11/2019 13:16,6.5
5/11/2019 13:17,7.06
5/11/2019 13:18,6.86
5/11/2019 13:19,6.11
5/11/2019 13:20,6.52
5/11/2019 13:21,6.89
5/11/2019 13:22,6.81
5/11/2019 13:23,6.6
5/11/2019 13:24,6.56
5/11/2019 13:25,6.8
5/11/2019 13:26,5.73
5/11/2019 13:27,5.82
5/11/2019 13:28,6.36
5/11/2019 13:29,6.56
5/11/2019 13:30,6.66
5/11/2019 13:31,8.27
5/11/2019 13:32,7.39
5/11/2019 13:33,7.04
5/11/2019 13:34,5.71
5/11/2019 13:35,7.35
5/11/2019 13:36,7.22
5/11/2019 13:37,7.4
5/11/2019 13:38,6.77
5/11/2019 13:39,6.91
5/11/2019 13:40,6.67
5/11/2019 13:41,5.59
5/11/2019 13:42,6.93
5/11/2019 13:43,6.84
5/11/2019 13:44,7.32
5/11/2019 13:45,7.37
5/11/2019 13:46,7.24
5/11/2019 13:47,7.09
5/11/2019 13:48,6.39
5/11/2019 13:49,5.96
5/11/2019 13:50,7.26
5/11/2019 13:51,8.1
5/11/2019 13:52,7.58
5/11/2019 13:53,7.54
5/11/2019 13:54,8.02
5/11/2019 13:55,8.08
5/11/2019 13:56,8.75
5/11/2019 13:57,8.08
5/11/2019 13:58,8.3
5/11/2019 13:59,4.43
5/11/2019 14:00,3.99
5/11/2019 14:01,4.01
5/11/2019 14:02,4.03
5/11/2019 14:03,4.26
5/11/2019 14:04,3.89
5/11/2019 14:05,4.05
5/11/2019 14:06,3.89
5/11/2019 14:07,4.02
5/11/2019 14:08,3.81
5/11/2019 14:09,3.8
5/11/2019 14:10,3.81
5/11/2019 14:11,4.09
5/11/2019 14:12,4.35
5/11/2019 14:13,4.22
5/11/2019 14:14,4.17
5/11/2019 14:15,4.3
5/11/2019 14:16,4.14
5/11/2019 14:17,4.27
5/11/2019 14:18,4.34
5/11/2019 14:19,4.53
5/11/2019 14:20,4.52
5/11/2019 14:21,4.37
5/11/2019 14:22,4.35
5/11/2019 14:23,4.48
5/11/2019 14:24,4.24
5/11/2019 14:25,4.28
5/11/2019 14:26,4.28
5/11/2019 14:27,4.55
5/11/2019 14:28,4.55
5/11/2019 14:29,4.43
5/11/2019 14:30,4.32
5/11/2019 14:31,4.47
5/11/2019 14:32,4.31
5/11/2019 14:33,4.29
5/11/2019 14:34,4.39
5/11/2019 14:35,4.42
5/11/2019 14:36,4.23
5/11/2019 14:37,4.19
5/11/2019 14:38,4.13
5/11/2019 14:39,4.51
5/11/2019 14:40,4.19
5/11/2019 14:41,4.21
5/11/2019 14:42,4.24
5/11/2019 14:43,7.42
5/11/2019 14:44,8.06
5/11/2019 14:45,8.11
5/11/2019 14:46,4.28
5/11/2019 14:47,4.46
5/11/2019 14:48,4.45
5/11/2019 14:49,4.42
5/11/2019 14:50,4.22
5/11/2019 14:51,4.36
5/11/2019 14:52,5.02
5/11/2019 14:53,5.14
5/11/2019 14:54,5.02
5/11/2019 14:55,5.01
5/11/2019 14:56,5.1
5/11/2019 14:57,5.03
5/11/2019 14:58,4.95
5/11/2019 14:59,5.1
5/11/2019 15:00,4.9
5/11/2019 15:01,4.96
5/11/2019 15:02,4.95
5/11/2019 15:03,5.05
5/11/2019 15:04,4.93
5/11/2019 15:05,4.28
5/11/2019 15:06,5.02
5/11/2019 15:07,5.04
5/11/2019 15:08,4.92
5/11/2019 15:09,4.93
5/11/2019 15:10,4.95
5/11/2019 15:11,5.01
5/11/2019 15:12,4.97
5/11/2019 15:13,5.06
5/11/2019 15:14,5.09
5/11/2019 15:15,5.11
5/11/2019 15:16,6.88
5/11/2019 15:17,6.69
5/11/2019 15:18,6.76
5/11/2019 15:19,6.81
5/11/2019 15:20,6.84
5/11/2019 15:21,6.83
5/11/2019 15:22,6.83
5/11/2019 15:23,6.83
5/11/2019 15:24,6.86
5/11/2019 15:25,6.77
5/11/2019 15:26,6.74
5/11/2019 15:27,6.83
5/11/2019 15:28,6.74
5/11/2019 15:29,6.73
5/11/2019 15:30,6.76
5/11/2019 15:31,6.86
5/11/2019 15:32,6.84
5/11/2019 15:33,6.75
5/11/2019 15:34,6.79
5/11/2019 15:35,6.89
5/11/2019 15:36,6.99
5/11/2019 15:37,7
5/11/2019 15:38,6.85
5/11/2019 15:39,6.91
5/11/2019 15:40,6.8
5/11/2019 15:41,6.91
5/11/2019 15:42,6.78
5/11/2019 15:43,6.89
5/11/2019 15:44,6.89
5/11/2019 15:45,6.88
5/11/2019 15:46,6.82
5/11/2019 15:47,6.9
5/11/2019 15:48,6.84
5/11/2019 15:49,6.86
5/11/2019 15:50,6.97
5/11/2019 15:51,6.91
5/11/2019 15:52,6.82
5/11/2019 15:53,6.87
5/11/2019 15:54,7.73
5/11/2019 15:55,6.56
5/11/2019 15:56,6.79
5/11/2019 15:57,9.08
5/11/2019 15:58,9.49
5/11/2019 15:59,9.61
5/11/2019 16:00,9.44
5/11/2019 16:01,9.47
5/11/2019 16:02,9.47
5/11/2019 16:03,9.61
5/11/2019 16:04,9.46
5/11/2019 16:05,9.38
5/11/2019 16:06,9.43
5/11/2019 16:07,9.57
5/11/2019 16:08,9.43
5/11/2019 16:09,7.28
5/11/2019 16:10,6.54
5/11/2019 16:11,6.76
5/11/2019 16:12,6.61
5/11/2019 16:13,6.53
5/11/2019 16:14,6.55
5/11/2019 16:15,7.28
5/11/2019 16:16,7.87
5/11/2019 16:17,6.63
5/11/2019 16:18,7.16
5/11/2019 16:19,8.57
5/11/2019 16:20,9.95
5/11/2019 16:21,10.12
5/11/2019 16:22,10.12
5/11/2019 16:23,9.43
5/11/2019 16:24,9.83
5/11/2019 16:25,9.96
5/11/2019 16:26,10.36
5/11/2019 16:27,10.45
5/11/2019 16:28,7.2
5/11/2019 16:29,6.09
5/11/2019 16:30,7.44
5/11/2019 16:31,7.59
5/11/2019 16:32,10.36
5/11/2019 16:33,10.37
5/11/2019 16:34,10.28
5/11/2019 16:35,10.54
5/11/2019 16:36,10.28
5/11/2019 16:37,10.31
5/11/2019 16:38,10.42
5/11/2019 16:39,10.35
5/11/2019 16:40,10.4
5/11/2019 16:41,9.97
5/11/2019 16:42,10.09
5/11/2019 16:43,9.99
5/11/2019 16:44,9.76
5/11/2019 16:45,9.6
5/11/2019 16:46,6.97
5/11/2019 16:47,7.18
5/11/2019 16:48,7.07
5/11/2019 16:49,7.15
5/11/2019 16:50,6.09
5/11/2019 16:51,7.09
5/11/2019 16:52,4.1
5/11/2019 16:53,4.1
5/11/2019 16:54,4.05
5/11/2019 16:55,4.07
5/11/2019 16:56,4.11
5/11/2019 16:57,4.09
5/11/2019 16:58,4.08
5/11/2019 16:59,7.53
5/11/2019 17:00,7.86
5/11/2019 17:01,5.51
5/11/2019 17:02,5.55
5/11/2019 17:03,5.82
5/11/2019 17:04,5.86
5/11/2019 17:05,5.73
5/11/2019 17:06,5.71
5/11/2019 17:07,5.82
5/11/2019 17:08,4.93
5/11/2019 17:09,5.45
5/11/2019 17:10,5.1
5/11/2019 17:11,5.76
5/11/2019 17:12,5.29
5/11/2019 17:13,5.33
5/11/2019 17:14,5.99
5/11/2019 17:15,5.92
5/11/2019 17:16,5.74
5/11/2019 17:17,5.52
5/11/2019 17:18,5.91
5/11/2019 17:19,5.48
5/11/2019 17:20,5.4
5/11/2019 17:21,5.99
5/11/2019 17:22,5.52
5/11/2019 17:23,5.58
5/11/2019 17:24,5.49
5/11/2019 17:25,5.52
5/11/2019 17:26,6.03
5/11/2019 17:27,6.3
5/11/2019 17:28,5.68
5/11/2019 17:29,5.78
5/11/2019 17:30,5.79
5/11/2019 17:31,5.78
5/11/2019 17:32,5.54
5/11/2019 17:33,5.74
5/11/2019 17:34,5.84
5/11/2019 17:35,5.74
5/11/2019 17:36,5.73
5/11/2019 17:37,5.53
5/11/2019 17:38,5.57
5/11/2019 17:39,5.83
5/11/2019 17:40,5.6
5/11/2019 17:41,5.67
5/11/2019 17:42,5.58
5/11/2019 17:43,5.83
5/11/2019 17:44,5.82
5/11/2019 17:45,5.55
5/11/2019 17:46,5.51
5/11/2019 17:47,5.67
5/11/2019 17:48,5.58
5/11/2019 17:49,5.52
5/11/2019 17:50,5.67
5/11/2019 17:51,5.72
5/11/2019 17:52,5.69
5/11/2019 17:53,5.75
5/11/2019 17:54,5.86
5/11/2019 17:55,6.18
5/11/2019 17:56,5.94
5/11/2019 17:57,4.97
5/11/2019 17:58,4.88
5/11/2019 17:59,4.94
5/11/2019 18:00,4.82
5/11/2019 18:01,5.1
5/11/2019 18:02,5.12
5/11/2019 18:03,5.07
5/11/2019 18:04,5.05
5/11/2019 18:05,4.89
5/11/2019 18:06,4.88
5/11/2019 18:07,4.96
5/11/2019 18:08,4.83
5/11/2019 18:09,4.82
5/11/2019 18:10,4.8
5/11/2019 18:11,4.96
5/11/2019 18:12,4.87
5/11/2019 18:13,4.83
5/11/2019 18:14,4.79
5/11/2019 18:15,4.96
5/11/2019 18:16,4.82
5/11/2019 18:17,4.75
5/11/2019 18:18,4.79
5/11/2019 18:19,5
5/11/2019 18:20,4.99
5/11/2019 18:21,4.97
5/11/2019 18:22,4.93
5/11/2019 18:23,4.97
5/11/2019 18:24,4.69
5/11/2019 18:25,4.67
5/11/2019 18:26,4.71
5/11/2019 18:27,4.74
5/11/2019 18:28,4.53
5/11/2019 18:29,4.6
5/11/2019 18:30,4.64
5/11/2019 18:31,4.78
5/11/2019 18:32,4.56
5/11/2019 18:33,4.52
5/11/2019 18:34,4.52
5/11/2019 18:35,4.68
5/11/2019 18:36,4.5
5/11/2019 18:37,4.48
5/11/2019 18:38,4.59
5/11/2019 18:39,4.7
5/11/2019 18:40,4.71
5/11/2019 18:41,4.44
5/11/2019 18:42,4.42
5/11/2019 18:43,4.52
5/11/2019 18:44,4.48
5/11/2019 18:45,4.42
5/11/2019 18:46,4.36
5/11/2019 18:47,4.5
5/11/2019 18:48,4.46
5/11/2019 18:49,4.57
5/11/2019 18:50,4.4
5/11/2019 18:51,4.46
5/11/2019 18:52,4.34
5/11/2019 18:53,4.36
5/11/2019 18:54,4.4
5/11/2019 18:55,4.47
5/11/2019 18:56,4.47
5/11/2019 18:57,4.3
5/11/2019 18:58,4.36
5/11/2019 18:59,4.5
5/11/2019 19:00,4.55
5/11/2019 19:01,3.89
5/11/2019 19:02,3.66
5/11/2019 19:03,3.74
5/11/2019 19:04,3.72
5/11/2019 19:05,3.74
5/11/2019 19:06,3.67
5/11/2019 19:07,3.68
5/11/2019 19:08,3.66
5/11/2019 19:09,3.71
5/11/2019 19:10,3.77
5/11/2019 19:11,3.71
5/11/2019 19:12,3.74
5/11/2019 19:13,3.68
5/11/2019 19:14,3.64
5/11/2019 19:15,3.68
5/11/2019 19:16,3.71
5/11/2019 19:17,3.68
5/11/2019 19:18,3.6
5/11/2019 19:19,3.69
5/11/2019 19:20,3.73
5/11/2019 19:21,3.71
5/11/2019 19:22,3.62
5/11/2019 19:23,3.73
5/11/2019 19:24,3.67
5/11/2019 19:25,3.7
5/11/2019 19:26,3.67
5/11/2019 19:27,3.71
5/11/2019 19:28,3.61
5/11/2019 19:29,3.67
5/11/2019 19:30,3.7
5/11/2019 19:31,3.81
5/11/2019 19:32,3.77
5/11/2019 19:33,3.69
5/11/2019 19:34,3.67
5/11/2019 19:35,3.72
5/11/2019 19:36,3.67
5/11/2019 19:37,3.65
5/11/2019 19:38,3.57
5/11/2019 19:39,3.64
5/11/2019 19:40,3.63
5/11/2019 19:41,3.61
5/11/2019 19:42,3.58
5/11/2019 19:43,3.63
5/11/2019 19:44,3.59
5/11/2019 19:45,3.63
5/11/2019 19:46,3.6
5/11/2019 19:47,3.63
5/11/2019 19:48,3.54
5/11/2019 19:49,3.67
5/11/2019 19:50,3.69
5/11/2019 19:51,3.66
5/11/2019 19:52,3.71
5/11/2019 19:53,3.61
5/11/2019 19:54,3.58
5/11/2019 19:55,3.63
5/11/2019 19:56,3.58
5/11/2019 19:57,3.57
5/11/2019 19:58,3.56
5/11/2019 19:59,3.63
5/11/2019 20:00,3.56
5/11/2019 20:01,3.58
5/11/2019 20:02,3.56
5/11/2019 20:03,3.65
5/11/2019 20:04,3.6
5/11/2019 20:05,3.56
5/11/2019 20:06,3.54
5/11/2019 20:07,3.61
5/11/2019 20:08,3.55
5/11/2019 20:09,3.57
5/11/2019 20:10,3.58
5/11/2019 20:11,3.62
5/11/2019 20:12,3.57
5/11/2019 20:13,3.53
5/11/2019 20:14,3.55
5/11/2019 20:15,3.6
5/11/2019 20:16,3.57
5/11/2019 20:17,3.51
5/11/2019 20:18,3.51
5/11/2019 20:19,3.56
5/11/2019 20:20,3.5
5/11/2019 20:21,3.49
5/11/2019 20:22,3.49
5/11/2019 20:23,3.56
5/11/2019 20:24,3.46
5/11/2019 20:25,3.46
5/11/2019 20:26,3.49
5/11/2019 20:27,3.54
5/11/2019 20:28,3.45
5/11/2019 20:29,3.5
5/11/2019 20:30,3.62
5/11/2019 20:31,3.61
5/11/2019 20:32,3.63
5/11/2019 20:33,3.59
5/11/2019 20:34,3.58
5/11/2019 20:35,3.57
5/11/2019 20:36,3.49
5/11/2019 20:37,3.48
5/11/2019 20:38,3.48
5/11/2019 20:39,3.55
5/11/2019 20:40,3.49
5/11/2019 20:41,3.5
5/11/2019 20:42,3.48
5/11/2019 20:43,3.52
5/11/2019 20:44,3.48
5/11/2019 20:45,3.46
5/11/2019 20:46,3.45
5/11/2019 20:47,3.54
5/11/2019 20:48,3.5
5/11/2019 20:49,3.44
5/11/2019 20:50,3.42
5/11/2019 20:51,3.53
5/11/2019 20:52,3.52
5/11/2019 20:53,3.47
5/11/2019 20:54,3.5
5/11/2019 20:55,3.48
5/11/2019 20:56,3.48
5/11/2019 20:57,3.58
5/11/2019 20:58,3.52
5/11/2019 20:59,3.51
5/11/2019 21:00,3.54
5/11/2019 21:01,3.56
5/11/2019 21:02,3.39
5/11/2019 21:03,3.42
5/11/2019 21:04,3.45
5/11/2019 21:05,3.43
5/11/2019 21:06,3.4
5/11/2019 21:07,3.44
5/11/2019 21:08,3.38
5/11/2019 21:09,3.39
5/11/2019 21:10,3.43
5/11/2019 21:11,3.43
5/11/2019 21:12,3.34
5/11/2019 21:13,3.4
5/11/2019 21:14,3.46
5/11/2019 21:15,3.49
5/11/2019 21:16,3.48
5/11/2019 21:17,3.36
5/11/2019 21:18,3.36
5/11/2019 21:19,3.5
5/11/2019 21:20,3.36
5/11/2019 21:21,3.32
5/11/2019 21:22,3.32
5/11/2019 21:23,3.45
5/11/2019 21:24,3.57
5/11/2019 21:25,3.43
5/11/2019 21:26,3.36
5/11/2019 21:27,3.36
5/11/2019 21:28,3.33
5/11/2019 21:29,3.34
5/11/2019 21:30,3.28
5/11/2019 21:31,3.43
5/11/2019 21:32,3.34
5/11/2019 21:33,3.4
5/11/2019 21:34,3.3
5/11/2019 21:35,3.37
5/11/2019 21:36,3.5
5/11/2019 21:37,3.41
5/11/2019 21:38,3.38
5/11/2019 21:39,3.48
5/11/2019 21:40,3.39
5/11/2019 21:41,3.36
5/11/2019 21:42,3.35
5/11/2019 21:43,3.43
5/11/2019 21:44,3.31
5/11/2019 21:45,3.36
5/11/2019 21:46,3.43
5/11/2019 21:47,3.39
5/11/2019 21:48,3.3
5/11/2019 21:49,3.32
5/11/2019 21:50,3.55
5/11/2019 21:51,3.5
5/11/2019 21:52,3.43
5/11/2019 21:53,3.49
5/11/2019 21:54,3.33
5/11/2019 21:55,3.39
5/11/2019 21:56,3.31
5/11/2019 21:57,3.31
5/11/2019 21:58,3.33
5/11/2019 21:59,3.4
5/11/2019 22:00,3.29
5/11/2019 22:01,3.35
5/11/2019 22:02,3.35
5/11/2019 22:03,3.41
5/11/2019 22:04,3.37
5/11/2019 22:05,3.34
5/11/2019 22:06,3.37
5/11/2019 22:07,3.41
5/11/2019 22:08,3.42
5/11/2019 22:09,3.41
5/11/2019 22:10,3.29
5/11/2019 22:11,3.41
5/11/2019 22:12,3.34
5/11/2019 22:13,3.31
5/11/2019 22:14,3.39
5/11/2019 22:15,3.54
5/11/2019 22:16,3.47
5/11/2019 22:17,3.45
5/11/2019 22:18,3.47
5/11/2019 22:19,3.43
5/11/2019 22:20,3.42
5/11/2019 22:21,3.53
5/11/2019 22:22,3.47
5/11/2019 22:23,3.47
5/11/2019 22:24,3.38
5/11/2019 22:25,3.43
5/11/2019 22:26,3.37
5/11/2019 22:27,3.52
5/11/2019 22:28,3.32
5/11/2019 22:29,3.28
5/11/2019 22:30,3.33
5/11/2019 22:31,3.44
5/11/2019 22:32,3.47
5/11/2019 22:33,3.26
5/11/2019 22:34,3.21
5/11/2019 22:35,3.38
5/11/2019 22:36,3.4
5/11/2019 22:37,3.27
5/11/2019 22:38,3.24
5/11/2019 22:39,3.34
5/11/2019 22:40,3.31
5/11/2019 22:41,3.32
5/11/2019 22:42,3.26
5/11/2019 22:43,3.38
5/11/2019 22:44,3.31
5/11/2019 22:45,3.37
5/11/2019 22:46,3.29
5/11/2019 22:47,3.37
5/11/2019 22:48,3.37
5/11/2019 22:49,3.26
5/11/2019 22:50,3.27
5/11/2019 22:51,3.4
5/11/2019 22:52,3.32
5/11/2019 22:53,3.31
5/11/2019 22:54,3.34
5/11/2019 22:55,3.36
5/11/2019 22:56,3.24
5/11/2019 22:57,3.27
5/11/2019 22:58,3.28
5/11/2019 22:59,3.4
5/11/2019 23:00,3.32
5/11/2019 23:01,3.37
5/11/2019 23:02,3.33
5/11/2019 23:03,3.21
5/11/2019 23:04,3.07
5/11/2019 23:05,3.04
5/11/2019 23:06,3.06
5/11/2019 23:07,3.17
5/11/2019 23:08,3.08
5/11/2019 23:09,3.2
5/11/2019 23:10,3.15
5/11/2019 23:11,3.13
5/11/2019 23:12,3.02
5/11/2019 23:13,3.05
5/11/2019 23:14,3.05
5/11/2019 23:15,3.15
5/11/2019 23:16,3.1
5/11/2019 23:17,3.12
5/11/2019 23:18,3.16
5/11/2019 23:19,3.13
5/11/2019 23:20,3
5/11/2019 23:21,3.02
5/11/2019 23:22,3.12
5/11/2019 23:23,3.18
5/11/2019 23:24,3.08
5/11/2019 23:25,3.03
5/11/2019 23:26,3.04
5/11/2019 23:27,3.16
5/11/2019 23:28,3.01
5/11/2019 23:29,3.02
5/11/2019 23:30,3.11
5/11/2019 23:31,3.13
5/11/2019 23:32,3.04
5/11/2019 23:33,3.03
5/11/2019 23:34,3
5/11/2019 23:35,3.06
5/11/2019 23:36,2.94
5/11/2019 23:37,2.97
5/11/2019 23:38,3.03
5/11/2019 23:39,3.05
5/11/2019 23:40,3.01
5/11/2019 23:41,2.93
5/11/2019 23:42,2.92
5/11/2019 23:43,3.08
5/11/2019 23:44,2.93
5/11/2019 23:45,2.92
5/11/2019 23:46,3.07
5/11/2019 23:47,3.02
5/11/2019 23:48,2.95
5/11/2019 23:49,2.93
5/11/2019 23:50,2.98
5/11/2019 23:51,3.03
5/11/2019 23:52,2.92
5/11/2019 23:53,2.89
5/11/2019 23:54,2.94
5/11/2019 23:55,3
5/11/2019 23:56,3
5/11/2019 23:57,2.91
5/11/2019 23:58,2.91
5/11/2019 23:59,3.04
6/11/2019 0:00,2.9
